Event,Date,Price @ close,Price @ open,Daily Difference,High,Low
Buy button turned off - High of $483,1/28/2021,$193.60,$265.00,$71.40,483,112.25
[SEC Hearing](https://financialservices.house.gov/calendar/eventsingle.aspx?EventID=407107),2/18/2021,$40.69,$48.49,$7.80,48.87,40.65
[SS created and great migration started](https://www.reddit.com/r/Superstonk/),3/15/2021,$220.14,$277.52,$57.38,283,206
[SEC Hearing](https://www.youtube.com/watch?v=imRzHXRq80I),3/17/2021,$209.81,$217.84,$8.03,231.47,204
[u/Criand first post](https://www.reddit.com/r/Superstonk/comments/mv740t/january_22_february_19_march_5_april_16_the_only/),4/20/2021,$158.53,$164.14,$5.61,164.89,153.36
[House of cards 1](https://www.reddit.com/r/Superstonk/comments/mvk5dv/a_house_of_cards_part_1/),4/21/2021,$158.53,$164.14,$5.61,162.98,155.92
[Elliot Wave Guy Theory Starts](https://www.reddit.com/r/Superstonk/comments/n0qnpv/predicting_gmes_price_action_with_elliot_waves_429/),4/28/2021,178.58,172.1,-$6.48,181.98,166.03
[Exponential Floor Guy Announces Theory](https://www.reddit.com/r/Superstonk/comments/n1rgfl/played_around_with_logscale_ta_and_noticed/),4/30/2021,173.59,175,$1.41,183.8,172.7
[SEC Hearing](https://financialservices.house.gov/calendar/eventsingle.aspx?EventID=407748),5/6/2021,161.08,$160.86,-$0.22,164.72,155.6
[u/Criand T+21 and T+35 Theories Introduced](https://www.reddit.com/r/Superstonk/comments/nf22qz/theory_on_the_ftd_loop_missing_link_a_t35_surge/),5/17/2021,180.6,159.85,-$20.75,182.5,159
[Exponential Floor Guy Starts Regular Updates](https://www.reddit.com/r/Superstonk/comments/nhx3js/still_following_the_exponential_floor_as_of/),5/21/2021,176.79,171,-$5.79,179.24,170.33
[House of cards 2](https://www.reddit.com/r/Superstonk/comments/nlwaxv/house_of_cards_part_2/),5/26/2021,$242.56,$229.00,-$13.56,248.48,225.55
[House of cards 3](https://www.reddit.com/r/Superstonk/comments/nlwqyv/house_of_cards_part_3/),5/26/2021,$242.56,$229.00,-$13.56,248.48,225.55
[Burry is back!](https://www.reddit.com/r/Superstonk/comments/nzzb3s/michael_burry_is_back_this_is_bullish_af/),6/14/2021,$229.44,$236.50,$7.06,238.01,219.2
[u/Criand top post](https://www.reddit.com/r/Superstonk/comments/o0scoy/the_bigger_short_how_2008_is_repeating_at_a_much/),6/15/2021,$222.50,$226.50,$4.00,229.25,208
"[SS Mod Drama - rensole, redchessqueen and hey_madie](https://www.reddit.com/r/Superstonk/comments/ojqrqh/mod_drama_got_me_like/)",7/13/2021,$180.06,$187.68,$7.62,188.79,179
[Game on Anon post](https://www.reddit.com/r/Superstonk/comments/ok2e0b/a_castle_of_glass_game_on_anon/),7/14/2021,$167.72,$180.49,$12.77,182.38,165.07
[gherkinit T+69 cycle theory](https://www.reddit.com/r/GMEJungle/comments/pk1ptp/t69/),9/7/2021,199,206.25,$7.25,209.9,196.1
Evergrande first started on Google Trends,9/14/2021,$199.24,200.65,$1.41,204.62,195